spotID,cArray0,cArray1
2658,13706.610284359946,21331.533344453812
5176,7111.592733219328,31698.589225093423
1057,17690.993881288545,14639.125514843574
1328,18542.88816607279,8600.804396309271
406,20029.89729325779,31882.302722127955
2910,16130.138935550704,10479.967235459311
4406,12990.08758500288,18206.871450102393
1501,17625.406336040036,3322.005718827124
1158,18853.472763182977,12283.245864503078
6533,851.86282378131,28748.87568149727
