{
    "ACTA2": 0.9730391901162353,
    "ALDOC": 0.9459957777392003,
    "ANLN": 0.9876101299814474,
    "APLN": 0.999324117289001,
    "BMP4": 0.9998856316673851
}