{
    "n_marker_vectors": 5,
    "n_non_marker_vectors": 25,
    "marker_min_norm": 0.02353275753557682,
    "marker_max_norm": 546.5836181640625,
    "marker_mean_norm": 118.38997705169022,
    "marker_median_norm": 3.9650473594665527,
    "marker_std_norm": 239.96598723238915,
    "marker_log_mean_norm": 1.485225217896055,
    "marker_log_std_norm": 3.8215671269121456,
    "non_marker_min_norm": 0.0,
    "non_marker_max_norm": 822.3926391601562,
    "non_marker_mean_norm": 155.81598717689513,
    "non_marker_median_norm": 2.719806432723999,
    "non_marker_std_norm": 257.53113004371056,
    "non_marker_log_mean_norm": 2.384911321950456,
    "non_marker_log_std_norm": 2.802899634004632,
    "cohen_d_norm": -0.15134163204328357,
    "cohen_d_log_norm": -0.31546308226865544,
    "marker_norms": [
        0.8116812705993652,
        546.5836181640625,
        3.9650473594665527,
        0.02353275753557682,
        40.56600570678711
    ],
    "non_marker_norms": [
        0.0,
        0.0,
        641.346435546875,
        452.97637939453125,
        11.46218204498291,
        22.20325469970703,
        50.57619094848633,
        0.0,
        689.9046020507812,
        337.3075866699219,
        322.1631164550781,
        822.3926391601562,
        0.0,
        76.59143829345703,
        0.0,
        450.6715393066406,
        0.9776443243026733,
        0.0,
        0.24750590324401855,
        12.680097579956055,
        1.1792606115341187,
        0.0,
        2.719806432723999,
        0.0,
        0.0
    ]
}