{
    "2658-4406": 0.24574353329342324,
    "2658-1057": 0.10925197433487022,
    "2658-1158": 0.07489584960440698,
    "2658-2910": 0.7078985579423224,
    "2658-5176": 0.2956242664575558,
    "2658-406": 0.34272355912842456,
    "2658-6533": 0.28493685254212686,
    "5176-6533": 0.23330151071522187,
    "5176-406": 0.030234696352296364,
    "5176-4406": 0.10185362753020177,
    "1057-1158": 0.2206412991360972,
    "1057-2910": 0.6488597634344454,
    "1057-4406": 0.17901562887871914,
    "1057-1328": 0.3130741881462392,
    "1057-406": 0.3400539600009608,
    "1057-1501": 0.049744652012777224,
    "1328-2910": 0.8338940278155654,
    "1328-1158": 0.3412631313833243,
    "1328-1501": 0.17470500782100518,
    "406-4406": 0.05327073577998931,
    "406-6533": 0.12966196429009214,
    "2910-1158": 0.42135670879807585,
    "2910-1501": 0.7904872519379169,
    "2910-4406": 0.23919664407438274,
    "4406-1158": 0.20759475310749986,
    "4406-6533": 0.03691298745764415,
    "1501-1158": 0.23528344592424966
}